[
  {
    "Id": "fff77d96-32d8-4de0-a02a-1792e64179c7",
    "Brand": "BMW",
    "Model": "3 Series",
    "HorsePower": 150,
    "RegistrationNumber": "В7192ММ",
    "YearOfManufacture": 2020,
    "PricePerDay": 40,
    "ImageUrl": "~/images/cars/Bmw3Series2020.jpg",
    "LocationId": "a332f2a7-dd41-4c9d-9e07-588ef430a4e6",
    "CategoryId": "1926ba25-6ad3-4c67-9de1-3b070b1bf15d"
  },
  {
    "Id": "b0f51be3-735e-457e-9229-8cb9791f840d",
    "Brand": "Mercedes",
    "Model": "C-Class",
    "HorsePower": 200,
    "RegistrationNumber": "Х1244ХМ",
    "YearOfManufacture": 2019,
    "PricePerDay": 40,
    "ImageUrl": "~/images/cars/MercedesCClass2019.jpg",
    "LocationId": "9defddb2-f6f7-433c-a7d4-f6f80fd44697",
    "CategoryId": "3e556697-7adc-4a3b-bbec-1e2f35c2e052"
  },
  {
    "Id": "eb4a2a11-2cfd-49b0-a768-c7e94be7ddcc",
    "Brand": "Audi",
    "Model": "A4",
    "HorsePower": 170,
    "RegistrationNumber": "Т5260МВ",
    "YearOfManufacture": 2021,
    "PricePerDay": 40,
    "ImageUrl": "~/images/cars/AudiA42019.jpg",
    "LocationId": "5d9da1e3-cbdb-4919-a8a4-cacac0bcda4f",
    "CategoryId": "3e556697-7adc-4a3b-bbec-1e2f35c2e052"
  },
  {
    "Id": "4aaf900f-6657-4285-b4e7-f04838b1ae4d",
    "Brand": "Toyota",
    "Model": "Corolla",
    "HorsePower": 132,
    "RegistrationNumber": "М3051КХ",
    "YearOfManufacture": 2022,
    "PricePerDay": 30,
    "ImageUrl": "~/images/cars/ToyotaCorolla2022.jpg",
    "LocationId": "2eb422bc-f57b-454d-abd7-d98c0f29861a",
    "CategoryId": "3e556697-7adc-4a3b-bbec-1e2f35c2e052"
  },
  {
    "Id": "41350f43-0664-4b5d-817b-76c77dc04821",
    "Brand": "Honda",
    "Model": "Civic",
    "HorsePower": 158,
    "RegistrationNumber": "В3389ТМ",
    "YearOfManufacture": 2023,
    "PricePerDay": 30,
    "ImageUrl": "~/images/cars/HondaCivic2023.jpg",
    "LocationId": "a332f2a7-dd41-4c9d-9e07-588ef430a4e6",
    "CategoryId": "3e556697-7adc-4a3b-bbec-1e2f35c2e052"
  },
  {
    "Id": "40b73633-2258-46f6-bd71-9034c0a7adb4",
    "Brand": "Ford",
    "Model": "Focus",
    "HorsePower": 140,
    "RegistrationNumber": "Т8286КК",
    "YearOfManufacture": 2021,
    "PricePerDay": 35,
    "ImageUrl": "~/images/cars/FordFocus2021.jpg",
    "LocationId": "5d9da1e3-cbdb-4919-a8a4-cacac0bcda4f",
    "CategoryId": "3e556697-7adc-4a3b-bbec-1e2f35c2e052"
  },
  {
    "Id": "899479ed-ba28-448d-8230-d6357a8203f7",
    "Brand": "Volkswagen",
    "Model": "Passat",
    "HorsePower": 174,
    "RegistrationNumber": "В6685МХ",
    "YearOfManufacture": 2020,
    "PricePerDay": 20,
    "ImageUrl": "~/images/cars/VolkswagenPassat2020.jpg",
    "LocationId": "a332f2a7-dd41-4c9d-9e07-588ef430a4e6",
    "CategoryId": "3e556697-7adc-4a3b-bbec-1e2f35c2e052"
  },
  {
    "Id": "4b7a16f5-37fd-4f60-bea8-33d6e61155f1",
    "Brand": "Volvo",
    "Model": "XC40",
    "HorsePower": 187,
    "RegistrationNumber": "Т6955МХ",
    "YearOfManufacture": 2022,
    "PricePerDay": 60,
    "ImageUrl": "~/images/cars/VolvoXC402022.jpg",
    "LocationId": "5d9da1e3-cbdb-4919-a8a4-cacac0bcda4f",
    "CategoryId": "947f0ccd-c31d-4c6b-a1b6-36ddcf7a9071"
  },
  {
    "Id": "303ed8b3-e698-4d8e-8517-3563ec570d03",
    "Brand": "Mazda",
    "Model": "CX-5",
    "HorsePower": 187,
    "RegistrationNumber": "М2838МТ",
    "YearOfManufacture": 2023,
    "PricePerDay": 50,
    "ImageUrl": "~/images/cars/MazdaCX52023.jpg",
    "LocationId": "2eb422bc-f57b-454d-abd7-d98c0f29861a",
    "CategoryId": "947f0ccd-c31d-4c6b-a1b6-36ddcf7a9071"
  },
  {
    "Id": "7ae82b64-710e-4308-a16a-25d2581da20a",
    "Brand": "Hyundai",
    "Model": "Tucson",
    "HorsePower": 161,
    "RegistrationNumber": "В2063КМ",
    "YearOfManufacture": 2022,
    "PricePerDay": 60,
    "ImageUrl": "~/images/cars/HyundaiTucson2021.jpg",
    "LocationId": "a332f2a7-dd41-4c9d-9e07-588ef430a4e6",
    "CategoryId": "947f0ccd-c31d-4c6b-a1b6-36ddcf7a9071"
  },
  {
    "Id": "e98a56e2-9e24-4d99-8a92-ab88db5067f5",
    "Brand": "Nissan",
    "Model": "Qashqai",
    "HorsePower": 147,
    "RegistrationNumber": "Х7157ММ",
    "YearOfManufacture": 2021,
    "PricePerDay": 40,
    "ImageUrl": "~/images/cars/NissanQashqai2021.jpg",
    "LocationId": "002a8bad-4d1d-4284-bd52-f97d2cc86b2c",
    "CategoryId": "947f0ccd-c31d-4c6b-a1b6-36ddcf7a9071"
  },
  {
    "Id": "d05c6e70-0f1b-441b-9fcb-f03e61481ba6",
    "Brand": "Kia",
    "Model": "Sportage",
    "HorsePower": 181,
    "RegistrationNumber": "Х3390МТ",
    "YearOfManufacture": 2023,
    "PricePerDay": 38,
    "ImageUrl": "~/images/cars/KiaSportage2023.jpg",
    "LocationId": "002a8bad-4d1d-4284-bd52-f97d2cc86b2c",
    "CategoryId": "947f0ccd-c31d-4c6b-a1b6-36ddcf7a9071"
  },
  {
    "Id": "a1d27155-159b-4c33-a943-d4b6187aadf7",
    "Brand": "Peugeot",
    "Model": "3008",
    "HorsePower": 150,
    "RegistrationNumber": "М5347МХ",
    "YearOfManufacture": 2020,
    "PricePerDay": 35,
    "ImageUrl": "~/images/cars/Peugeot3008.jpg",
    "LocationId": "145ebda5-cbdd-44d1-96b9-feb037937e71",
    "CategoryId": "cf4669cc-338f-4f91-b96e-7d7dfb7986b1"
  },
  {
    "Id": "11760bf4-6c9c-4c4f-963d-2056ffda01fe",
    "Brand": "Renault",
    "Model": "Kadjar",
    "HorsePower": 140,
    "RegistrationNumber": "М1477ХВ",
    "YearOfManufacture": 2021,
    "PricePerDay": 45,
    "ImageUrl": "~/images/cars/RenaultKadjar2019.jpg",
    "LocationId": "145ebda5-cbdd-44d1-96b9-feb037937e71",
    "CategoryId": "3e556697-7adc-4a3b-bbec-1e2f35c2e052"
  },
  {
    "Id": "86fd4d9c-ed2f-4f9c-8611-515145654df9",
    "Brand": "Chevrolet",
    "Model": "Malibu",
    "HorsePower": 160,
    "RegistrationNumber": "Т9767МК",
    "YearOfManufacture": 2019,
    "PricePerDay": 60,
    "ImageUrl": "~/images/cars/ChevroletMalibu2019.jpg",
    "LocationId": "9defddb2-f6f7-433c-a7d4-f6f80fd44697",
    "CategoryId": "cf4669cc-338f-4f91-b96e-7d7dfb7986b1"
  },
  {
    "Id": "a67be4a6-13e4-4e28-abd1-9bc6e65c789e",
    "Brand": "Subaru",
    "Model": "Forester",
    "HorsePower": 182,
    "RegistrationNumber": "В3318ВМ",
    "YearOfManufacture": 2022,
    "PricePerDay": 25,
    "ImageUrl": "~/images/cars/SubaruForester2022.jpg",
    "LocationId": "a332f2a7-dd41-4c9d-9e07-588ef430a4e6",
    "CategoryId": "947f0ccd-c31d-4c6b-a1b6-36ddcf7a9071"
  },
  {
    "Id": "dc60a577-85f8-4f56-9643-cab4fe566c02",
    "Brand": "Tesla",
    "Model": "Model 3",
    "HorsePower": 283,
    "RegistrationNumber": "К5761ВХ",
    "YearOfManufacture": 2023,
    "PricePerDay": 80,
    "ImageUrl": "~/images/cars/TeslaModel32023.jpg",
    "LocationId": "24fa9a47-396c-454b-a8a9-053b1ede625b",
    "CategoryId": "cf4669cc-338f-4f91-b96e-7d7dfb7986b1"
  },
  {
    "Id": "21942e1e-712c-40f8-8a67-271e04d6969d",
    "Brand": "Lexus",
    "Model": "RX",
    "HorsePower": 295,
    "RegistrationNumber": "К5519ВК",
    "YearOfManufacture": 2021,
    "PricePerDay": 90,
    "ImageUrl": "~/images/cars/LexusRX2023.jpg",
    "LocationId": "24fa9a47-396c-454b-a8a9-053b1ede625b",
    "CategoryId": "cf4669cc-338f-4f91-b96e-7d7dfb7986b1"
  },
  {
    "Id": "9ffdbeaf-0cec-48a7-91eb-8bdb713dab08",
    "Brand": "Jaguar",
    "Model": "XE",
    "HorsePower": 250,
    "RegistrationNumber": "В2840ХТ",
    "YearOfManufacture": 2020,
    "PricePerDay": 100,
    "ImageUrl": "~/images/cars/JaguarXE2022.jpg",
    "LocationId": "085b0080-8968-4c12-a042-d3880250433c",
    "CategoryId": "cf4669cc-338f-4f91-b96e-7d7dfb7986b1"
  },
  {
    "Id": "a2d7e78e-492d-4417-b3cf-1489724bd19c",
    "Brand": "Porsche",
    "Model": "Macan",
    "HorsePower": 261,
    "RegistrationNumber": "М6867ВХ",
    "YearOfManufacture": 2022,
    "PricePerDay": 150,
    "ImageUrl": "~/images/cars/PorscheMacan2022.jpg",
    "LocationId": "aad035c2-cece-4cf0-935b-0b8e9c9779ea",
    "CategoryId": "cf4669cc-338f-4f91-b96e-7d7dfb7986b1"
  }
]