[
  {
    "Id": "443542d8-51c5-40a7-afa0-b1a3979f5a45",
    "Name": "Климатик"
  },
  {
    "Id": "8bfb9835-6318-4b2a-bd90-95514d9c08c0",
    "Name": "Безключово палене"
  },
  {
    "Id": "63f1dc8b-6ae1-478e-9976-16f0de6e3651",
    "Name": "Подгрев на седалки"
  },
  {
    "Id": "982c775c-7c16-4682-8f2b-4d8a71c02f6f",
    "Name": "Автоматична скоростна кутия"
  },
  {
    "Id": "7e1467e9-61dd-4ac3-a633-b9f7f63be133",
    "Name": "Камера за задно виждане"
  },
  {
    "Id": "e29a5109-7745-4edf-b4f5-5794e14f0797",
    "Name": "Двузонов климатроник"
  },
  {
    "Id": "e0d1b5c4-63af-498b-a15d-93db16698296",
    "Name": "Навигационна система"
  },
  {
    "Id": "5e49f4c0-e4c6-4390-8695-f7747c135102",
    "Name": "Wi-fi хотспот"
  },
  {
    "Id": "b661a5c6-06a7-4cc4-a16d-c462045f8ebd",
    "Name": "Система за автоматично регулиране на дългите светлини"
  },
  {
    "Id": "9757a13b-2e62-4c52-8441-f8881a84ef14",
    "Name": "Адаптивен круиз контрол"
  },
  {
    "Id": "73c8d473-8915-4d9a-b3cc-61769cec15fa",
    "Name": "Лети джанти"
  },
  {
    "Id": "98a1f22e-6ad6-4e9d-a9d3-ed4d988f7ee3",
    "Name": "Дневни LED светлини"
  },
  {
    "Id": "84eee263-73dd-4ce9-911c-d919956833e5",
    "Name": "4x4 задвижване"
  },
  {
    "Id": "b2fb756e-fcd0-444a-af52-96f20ec9b584",
    "Name": "Старт-стоп система"
  },
  {
    "Id": "c5190667-e9da-4f7c-86fa-db160818292f",
    "Name": "Режим за управление на сняг"
  },
  {
    "Id": "63111cbf-31f5-46d5-8b5c-297e41843089",
    "Name": "Подгряване на волана"
  },
  {
    "Id": "1634ca60-c67f-4514-8101-5a4d5565a16b",
    "Name": "USB портове за задните седалки"
  }
]